{
    "tagClassifications": [
        {
            "id": "COMPRESSIONRATIO",
            "name": "CompressionRatio",
            "description": "This is Compression Ratio",
            "unitGroup": "",
            "properties": [{
                "id": "tagType",
                "value" :["Continious"],
                "type": "String" 
            }
                
            ]
        },
        {
            "id": "DISCHARGEPRESSURE",
            "name": "DischargePressure",
            "description": "This is tag Discharge Pressure",
            "unitGroup": "pressure",
            "properties": [
                {
                    "id": "compressor",
                    "value": [190],
                    "type": "int"
                }
            ]
        },
        {
            "id": "SUCTIONPRESSURE",
            "name": "SuctionPressure",
            "description": "This is tag Suction Pressure",
            "unitGroup": "pressure",
            "properties": [
            ]
        },
        {
            "id": "VELOCITY",
            "name": "Velocity",
            "description": "This is tag Velocity",
            "unitGroup": "m/hour",
            "properties": [
            ]
        },
        {
            "id": "COMPRESSORTEMPERATURE",
            "name": "compressorTemperature",
            "description": "This is tag COmpressor Temperature",
            "unitGroup": "temp",
            "properties": [
            ]
        }
    ],
     "tagAssociations": [
         {
            "monitoredEntity": {
                "id": "Compressor-CMMS-Compressor-2018",
                "ccomClass": "ASSET"
            },"tags": [
                {
                    "id": "Compressor-CMMS-Compressor-2018.crank-frame-compressionratio",
                    "classification": "COMPRESSIONRATIO",
                    "unit": "",
                    "properties": [
                        {
                            "id": "isKpi",
                            "value": ["true"],
                            "type": "string"
                        },{
                            "id": "timeseriesDatasource",
                            "value": ["Compressor-CMMS-Compressor-2018.crank-frame-compressionratio"],
                            "type": "string"
                        }
                    ]
                },{
                    "id": "Compressor-CMMS-Compressor-2018.crank-frame-suctionpressure",
                    "classification": "SUCTIONPRESSURE",
                    "unit": "",
                    "properties": [
                        {
                            "id": "isKpi",
                            "value": ["true"],
                            "type": "string"
                        },{
                            "id": "timeseriesDatasource",
                            "value": ["Compressor-CMMS-Compressor-2018.crank-frame-suctionpressure"],
                            "type": "string"
                        }
                    ]
                },
                {
                    "id": "Compressor-CMMS-Compressor-2018.crank-frame-dischargepressure",
                    "classification": "DISCHARGEPRESSURE",
                    "unit": "",
                    "properties": [
                        {
                            "id": "isKpi",
                            "value": ["true"],
                            "type": "string"
                        },{
                            "id": "timeseriesDatasource",
                            "value": ["Compressor-CMMS-Compressor-2018.crank-frame-dischargepressure"],
                            "type": "string"
                        }
                    ]
                },
                {
                    "id": "Compressor-CMMS-Compressor-2018.crank-frame-velocity",
                    "classification": "VELOCITY",
                    "unit": "",
                    "properties": [
                        {
                            "id": "isKpi",
                            "value": ["true"],
                            "type": "string"
                        },{
                            "id": "timeseriesDatasource",
                            "value": ["Compressor-CMMS-Compressor-2018.crank-frame-velocity"],
                            "type": "string"
                        }
                    ]
                },
                {
                    "id": "Compressor-CMMS-Compressor-2018.crank-frame-temperature",
                    "classification": "COMPRESSORTEMPERATURE",
                    "unit": "",
                    "properties": [
                        {
                            "id": "isKpi",
                            "value": ["true"],
                            "type": "string"
                        },{
                            "id": "timeseriesDatasource",
                            "value": ["Compressor-CMMS-Compressor-2018.crank-frame-temperature"],
                            "type": "string"
                        }
                    ]
                }
            ]
         }
     ]
}